age,id,permalink,username,to,text,date,retweets,favorites,mentions,hashtags,geo
87,1.04E+18,https://twitter.com/lordofrocknroll/status/1041652179810086913,lordofrocknroll,,https://www.youtube.com/watch?v=GXZ3KteMsYY,2018-09-17 11:36:47+00:00,0,3,,,1.04E+18
87,1.04E+18,https://twitter.com/lordofrocknroll/status/1041651208904171521,lordofrocknroll,,I reckon @paulwellerHQ could learn a thing or two from me,2018-09-17 11:32:55+00:00,0,2,#NAME?,,1.04E+18
87,1.04E+18,https://twitter.com/lordofrocknroll/status/1041650233510383616,lordofrocknroll,,Best of Wee Willie Harris Out NOW,2018-09-17 11:29:03+00:00,3,11,,,1.04E+18
87,1.06E+18,https://twitter.com/lordofrocknroll/status/1057203778959618049,lordofrocknroll,MrAlfredGarnett,"Times have changed Mr Garnett, we live in a time where people are searching for something to be offended about, where the music industry is run by Simon Cowell, footballers get paid more for getting stuck in less and the best telly is on UK Gold",2018-10-30 09:33:17+00:00,6,24,,,1.06E+18
87,1.07E+18,https://twitter.com/lordofrocknroll/status/1066996304470056960,lordofrocknroll,,,2018-11-26 10:05:17+00:00,0,2,,,1.07E+18
87,1.07E+18,https://twitter.com/lordofrocknroll/status/1066996137268260865,lordofrocknroll,,,2018-11-26 10:04:37+00:00,0,3,,,1.07E+18
87,1.10E+18,https://twitter.com/lordofrocknroll/status/1095690931171405824,lordofrocknroll,,https://www.youtube.com/watch?v=iq5eHAdv62c,2019-02-13 14:27:29+00:00,0,3,,,1.10E+18
87,1.11E+18,https://twitter.com/lordofrocknroll/status/1110123940557611008,lordofrocknroll,,RIP @ScottWalker,2019-03-25 10:19:07+00:00,0,1,#NAME?,,1.11E+18
87,1.11E+18,https://twitter.com/lordofrocknroll/status/1107343374569402369,lordofrocknroll,,"Oh, Rock'n'Roll, I gave you all the best years of my life",2019-03-17 18:10:08+00:00,1,8,,,1.11E+18
87,1.11E+18,https://twitter.com/lordofrocknroll/status/1105093887520051200,lordofrocknroll,,"This is just 59p you lovely people, @thebeatles once asked for my autograph yet I've never had a Top 40 hit, I'd love to see it happen https://itunes.apple.com/gb/album/got-a-match/996635071?i=996635330",2019-03-11 13:11:29+00:00,9,16,#NAME?,,1.11E+18
87,1.19E+18,https://twitter.com/themichaelcaine/status/1185968441632677889,themichaelcaine,,A great day working with my friends.,2019-10-20 17:18:05+00:00,130,1792,,,1.19E+18
87,1.19E+18,https://twitter.com/Chita_Rivera/status/1192463116040314880,Chita_Rivera,PRMerleF, ,2019-11-07 15:25:36+00:00,0,13,,,1.19E+18
87,1.20E+18,https://twitter.com/themichaelcaine/status/1204909273282699265,themichaelcaine,,Please Vote tomorrow.,2019-12-11 23:42:11+00:00,200,1637,,,1.20E+18
87,1.20E+18,https://twitter.com/themichaelcaine/status/1202026935620116480,themichaelcaine,,"Love my work, so great to continue after 100 years.",2019-12-04 00:48:48+00:00,264,3193,,,1.20E+18
87,1.20E+18,https://twitter.com/themichaelcaine/status/1200120875829387264,themichaelcaine,,Happy Thanksgiving. Peace Health and most of all Love.,2019-11-28 18:34:48+00:00,136,1450,,,1.20E+18
87,1.20E+18,https://twitter.com/themichaelcaine/status/1199820072551882753,themichaelcaine,,Christmas Carol Service for http://hospice.uk on 17th December St. Luke’s Sydney Street SW3,2019-11-27 22:39:31+00:00,24,264,,,1.20E+18
87,1.20E+18,https://twitter.com/themichaelcaine/status/1199717625326186496,themichaelcaine,,"Sprinkle some festive spirit on to a winter’s evening and join Fiona Dolman, Alison Steadman OBE, Oscar-winning actor Jim Broadbent and Sir Martyn Lewis on 17 December for @hospiceuk Christmas Carol Service: http://www.hospiceuk.org/carolservice",2019-11-27 15:52:26+00:00,40,188,#NAME?,,1.20E+18
87,1.20E+18,https://twitter.com/themichaelcaine/status/1196967756354215942,themichaelcaine,,Working with my friend Cassian Elwes @cassianelwes,2019-11-20 01:45:26+00:00,16,184,#NAME?,,1.20E+18
87,1.20E+18,https://twitter.com/themichaelcaine/status/1196139246685437953,themichaelcaine,,"My friend Terry O’Neill was one of the greatest photographer, he will be missed by everyone who were lucky to know and love him.",2019-11-17 18:53:14+00:00,84,957,,,1.20E+18
87,1.21E+18,https://twitter.com/themichaelcaine/status/1205675440792309760,themichaelcaine,,Thank you to everyone who voted. Looking forward to a great 2020,2019-12-14 02:26:40+00:00,1885,11480,,,1.21E+18
87,1.22E+18,https://twitter.com/themichaelcaine/status/1221564154781360131,themichaelcaine,,1917 Best War Movie,2020-01-26 22:42:44+00:00,1151,7906,,,1.22E+18
87,1.22E+18,https://twitter.com/Chita_Rivera/status/1221498730576302081,Chita_Rivera,,"My thanks to everyone for the wonderful birthday wishes ! Wishing you all a happy, healthy and peaceful new year! ",2020-01-26 18:22:46+00:00,4,83,,,1.22E+18
87,1.22E+18,https://twitter.com/Chita_Rivera/status/1216794331266326529,Chita_Rivera,PRMerleF,Thank you @BroadwayWorld and to everyone who voted. Special thanks to my daughter Lisa and my amazing trio! ,2020-01-13 18:49:10+00:00,3,96,#NAME?,,1.22E+18
87,1.24E+18,https://twitter.com/QuincyDJones/status/1244468245333020672,QuincyDJones,,"Even though we were the same age, Polish composer Krzysztof Penderecki was one of my biggest inspirations of all time & it absolutely breaks my heart to hear about his passing... 2018 marked both of our http://bit.ly/2JqzOMg",2020-03-30 03:35:25+00:00,59,348,,,1.24E+18
87,1.24E+18,https://twitter.com/QuincyDJones/status/1242539088923656193,QuincyDJones,,...it absolutely breaks my heart to hear about this tremendous loss. Soul Makossa my brother!!…Thank U for your music & your light.,2020-03-24 19:49:38+00:00,220,485,,,1.24E+18
87,1.24E+18,https://twitter.com/QuincyDJones/status/1242539005041754112,QuincyDJones,,"I first crossed paths w/ the great Manu Dibango in Paris back in the 50’s & had the great honor of seeing him 1 last time this past summer when he came backstage after my concert (also in Paris)…His contributions to music as we know it today are unparalleled, &...",2020-03-24 19:49:18+00:00,869,1808,,,1.24E+18
87,1.24E+18,https://twitter.com/QuincyDJones/status/1241807577643540480,QuincyDJones,,"My sweet Pie, Kidada...Happy Happy Bday baby!!....I love U with all of my heart AND soul. Thank you for sharing your heart with us through your book, “@schoolofawake”, &amp; also through your everyday life. You’re a treasure to us all &amp; dontchu forget it!!...xxoo",2020-03-22 19:22:52+00:00,25,184,#NAME?,,1.24E+18
87,1.24E+18,https://twitter.com/Chita_Rivera/status/1242559441385504773,Chita_Rivera,,A huge part of me is gone. But then it’s not. Terrence wouldn’t like that. He helped to make me who I am as a person. He is the epitome of love and friendship. Only God knows how much I will miss him. ,2020-03-24 21:10:31+00:00,92,1125,,,1.24E+18
87,1.24E+18,https://twitter.com/Chita_Rivera/status/1241881153281327106,Chita_Rivera,broadwaycom,Please donate now to http://www.give.actorsfund.org/Rosie My thanks to all especially @Rosie Be safe everyone,2020-03-23 00:15:14+00:00,26,236,#NAME?,,1.24E+18
87,1.24E+18,https://twitter.com/Chita_Rivera/status/1241785347635322881,Chita_Rivera,PRMerleF,Join us all tonight at 7PM ET/4 PM PT and please support @TheActorsFund now. ,2020-03-22 17:54:32+00:00,5,33,#NAME?,,1.24E+18
87,1.25E+18,https://twitter.com/QuincyDJones/status/1249858217502371840,QuincyDJones,chloexhalle,"Big-time props to my baby sis from anotha miss, @SheleaMusic, who played the role of Dorinda!!",2020-04-14 00:33:14+00:00,15,118,#NAME?,,1.25E+18
87,1.25E+18,https://twitter.com/QuincyDJones/status/1249221273097367552,QuincyDJones,,"Executive Produced by my esteemed sistas @IAMQUEENLATIFAH @maryjblige &amp; @MissyElliott, and starring our very own @SheleaMusic as @DorindaTheRose, don’t miss #theclarksistersmovie on @lifetimetv ",2020-04-12 06:22:15+00:00,32,156,#NAME?,#theclarksistersmovie,1.25E+18
87,1.25E+18,https://twitter.com/QuincyDJones/status/1249143884657106945,QuincyDJones,lifetimetv,Starring our very own @SheleaMusic as the incredible @DorindaTheRose - premieres tonight on @lifetimetv! ,2020-04-12 01:14:44+00:00,14,68,#NAME?,,1.25E+18
87,1.25E+18,https://twitter.com/QuincyDJones/status/1247921830439964674,QuincyDJones,EliTeplin,"Absolutely beautiful my brother, @EliTeplin. Sending &amp; thanks to all-a-y’awl out there risking your lives for ours. Some very special people in this video to me &amp; I don’t know what I’d do without ‘em ",2020-04-08 16:18:44+00:00,11,68,#NAME?,,1.25E+18
87,1.25E+18,https://twitter.com/QuincyDJones/status/1247662827201908736,QuincyDJones,donaldglover,"Thank-Q my brother, @donaldglover ...We meant it back in ‘89 &amp; still mean it today...”Now is the time to have faith in us all” ...Stay safe out there.",2020-04-07 23:09:33+00:00,60,800,#NAME?,,1.25E+18
87,1.25E+18,https://twitter.com/QuincyDJones/status/1246296857250115584,QuincyDJones,,My brothers...No words...,2020-04-04 04:41:40+00:00,638,2153,,,1.25E+18
87,1.25E+18,https://twitter.com/yokoono/status/1253368150571261953,yokoono,,"They say that the dream you remember after you wake up, is a message to you.",2020-04-23 17:00:28+00:00,1515,6154,,,1.25E+18
87,1.25E+18,https://twitter.com/yokoono/status/1253005704904036353,yokoono,,Love can save the world. Keep changing negative energy into the positive energy using love.,2020-04-22 17:00:14+00:00,1842,5781,,,1.25E+18
87,1.25E+18,https://twitter.com/yokoono/status/1252643398772760591,yokoono,,"If you don't forgive, your health will be harmed. So, if anything, forgive for your sake.",2020-04-21 17:00:33+00:00,2027,7358,,,1.25E+18
87,1.25E+18,https://twitter.com/yokoono/status/1252280990090833921,yokoono,,Peace is not in a very distant future. It's right around the corner. Didn't you know?,2020-04-20 17:00:28+00:00,838,3865,,,1.25E+18
87,1.25E+18,https://twitter.com/yokoono/status/1251918517567438848,yokoono,,"We should have deep sympathy for all lives on earth. That includes men of our race, as well. But don't live a life you don't enjoy.",2020-04-19 17:00:08+00:00,499,2426,,,1.25E+18
87,1.25E+18,https://twitter.com/yokoono/status/1251556171158347777,yokoono,,Let's heal the world together.,2020-04-18 17:00:18+00:00,2191,7780,,,1.25E+18
87,1.25E+18,https://twitter.com/yokoono/status/1251193706205646848,yokoono,,"Make the world a better place by being your natural self - no lies, no hate, only love.",2020-04-17 17:00:00+00:00,2359,7190,,,1.25E+18
87,1.25E+18,https://twitter.com/yokoono/status/1250831525106630663,yokoono,,Be true to yourself. Life is as long as you make it. I want my sisters to remember that. Be patient with yourself and others.,2020-04-16 17:00:49+00:00,962,3706,,,1.25E+18
87,1.25E+18,https://twitter.com/yokoono/status/1250468969275961345,yokoono,,"Keep mending, keep healing, keep creating goodness. That's what the world needs now.",2020-04-15 17:00:09+00:00,2264,6577,,,1.25E+18
87,1.25E+18,https://twitter.com/yokoono/status/1250106590864211970,yokoono,,Be creative during your normal day and make yourself proud of yourself.,2020-04-14 17:00:11+00:00,1486,5624,,,1.25E+18
87,1.25E+18,https://twitter.com/Chita_Rivera/status/1252239054688616448,Chita_Rivera,PRMerleF,So looking forward to this on Saturday....,2020-04-20 14:13:50+00:00,11,29,,,1.25E+18
87,1.25E+18,https://twitter.com/Chita_Rivera/status/1251500696136036353,Chita_Rivera,PRMerleF,Can't wait! ,2020-04-18 13:19:52+00:00,4,32,,,1.25E+18
